Mod:Item:MetaData, Localized Name
minecraft:stone, Stone
minecraft:grass, Grass Block
minecraft:dirt:0, Dirt
minecraft:dirt:2, Podzol
minecraft:cobblestone, Cobblestone
minecraft:planks:0, Oak Wood Planks
minecraft:planks:1, Spruce Wood Planks
minecraft:planks:2, Birch Wood Planks
minecraft:planks:3, Jungle Wood Planks
minecraft:planks:4, Acacia Wood Planks
minecraft:planks:5, Dark Oak Wood Planks
minecraft:sapling:0, Oak Sapling
minecraft:sapling:1, Spruce Sapling
minecraft:sapling:2, Birch Sapling
minecraft:sapling:3, Jungle Sapling
minecraft:sapling:4, Acacia Sapling
minecraft:sapling:5, Dark Oak Sapling
minecraft:bedrock, Bedrock
minecraft:flowing_water, Water
minecraft:water, Water
minecraft:flowing_lava, Lava
minecraft:lava, Lava
minecraft:sand:0, Sand
minecraft:sand:1, Red Sand
minecraft:gravel, Gravel
minecraft:gold_ore, Gold Ore
minecraft:iron_ore, Iron Ore
minecraft:coal_ore, Coal Ore
minecraft:log:0, Oak Wood
minecraft:log:1, Spruce Wood
minecraft:log:2, Birch Wood
minecraft:log:3, Jungle Wood
minecraft:leaves:0, Oak Leaves
minecraft:leaves:1, Spruce Leaves
minecraft:leaves:2, Birch Leaves
minecraft:leaves:3, Jungle Leaves
minecraft:sponge, Sponge
minecraft:glass, Glass
minecraft:lapis_ore, Lapis Lazuli Ore
minecraft:lapis_block, Lapis Lazuli Block
minecraft:dispenser, Dispenser
minecraft:sandstone:0, Sandstone
minecraft:sandstone:1, Chiseled Sandstone
minecraft:sandstone:2, Smooth Sandstone
minecraft:noteblock, Note Block
minecraft:golden_rail, Powered Rail
minecraft:detector_rail, Detector Rail
minecraft:sticky_piston, Sticky Piston
minecraft:web, Cobweb
minecraft:tallgrass:1, Grass
minecraft:tallgrass:2, Fern
minecraft:deadbush, Dead Bush
minecraft:piston, Piston
minecraft:wool:0, Wool
minecraft:wool:1, Orange Wool
minecraft:wool:2, Magenta Wool
minecraft:wool:3, Light Blue Wool
minecraft:wool:4, Yellow Wool
minecraft:wool:5, Lime Wool
minecraft:wool:6, Pink Wool
minecraft:wool:7, Gray Wool
minecraft:wool:8, Light Gray Wool
minecraft:wool:9, Cyan Wool
minecraft:wool:10, Purple Wool
minecraft:wool:11, Blue Wool
minecraft:wool:12, Brown Wool
minecraft:wool:13, Green Wool
minecraft:wool:14, Red Wool
minecraft:wool:15, Black Wool
minecraft:yellow_flower:0, Dandelion
minecraft:red_flower:0, Poppy
minecraft:red_flower:1, Blue Orchid
minecraft:red_flower:2, Allium
minecraft:red_flower:3, Azure Bluet
minecraft:red_flower:4, Red Tulip
minecraft:red_flower:5, Orange Tulip
minecraft:red_flower:6, White Tulip
minecraft:red_flower:7, Pink Tulip
minecraft:red_flower:8, Oxeye Daisy
minecraft:brown_mushroom, Mushroom
minecraft:red_mushroom, Mushroom
minecraft:gold_block, Block of Gold
minecraft:iron_block, Block of Iron
minecraft:stone_slab:0, Stone Slab
minecraft:stone_slab:1, Sandstone Slab
minecraft:stone_slab:3, Cobblestone Slab
minecraft:stone_slab:4, Bricks Slab
minecraft:stone_slab:5, Stone Bricks Slab
minecraft:stone_slab:6, Nether Brick Slab
minecraft:stone_slab:7, Quartz Slab
minecraft:brick_block, Bricks
minecraft:tnt, TNT
minecraft:bookshelf, Bookshelf
minecraft:mossy_cobblestone, Moss Stone
minecraft:obsidian, Obsidian
minecraft:torch, Torch
minecraft:fire, Fire
minecraft:mob_spawner, Monster Spawner
minecraft:oak_stairs, Oak Wood Stairs
minecraft:chest, Chest
minecraft:diamond_ore, Diamond Ore
minecraft:diamond_block, Block of Diamond
minecraft:crafting_table, Crafting Table
minecraft:farmland, Farmland
minecraft:furnace, Furnace
minecraft:lit_furnace, Furnace
minecraft:ladder, Ladder
minecraft:rail, Rail
minecraft:stone_stairs, Stone Stairs
minecraft:lever, Lever
minecraft:stone_pressure_plate, Pressure Plate
minecraft:wooden_pressure_plate, Pressure Plate
minecraft:redstone_ore, Redstone Ore
minecraft:redstone_torch, Redstone Torch
minecraft:stone_button, Button
minecraft:snow_layer:0, Snow
minecraft:ice, Ice
minecraft:snow, Snow
minecraft:cactus, Cactus
minecraft:clay, Clay
minecraft:jukebox, Jukebox
minecraft:fence, Fence
minecraft:pumpkin, Pumpkin
minecraft:netherrack, Netherrack
minecraft:soul_sand, Soul Sand
minecraft:glowstone, Glowstone
minecraft:portal, Portal
minecraft:lit_pumpkin, Jack o'Lantern
minecraft:stained_glass:0, White Stained Glass
minecraft:stained_glass:1, Orange Stained Glass
minecraft:stained_glass:2, Magenta Stained Glass
minecraft:stained_glass:3, Light Blue Stained Glass
minecraft:stained_glass:4, Yellow Stained Glass
minecraft:stained_glass:5, Lime Stained Glass
minecraft:stained_glass:6, Pink Stained Glass
minecraft:stained_glass:7, Gray Stained Glass
minecraft:stained_glass:8, Light Gray Stained Glass
minecraft:stained_glass:9, Cyan Stained Glass
minecraft:stained_glass:10, Purple Stained Glass
minecraft:stained_glass:11, Blue Stained Glass
minecraft:stained_glass:12, Brown Stained Glass
minecraft:stained_glass:13, Green Stained Glass
minecraft:stained_glass:14, Red Stained Glass
minecraft:stained_glass:15, Black Stained Glass
minecraft:trapdoor, Trapdoor
minecraft:monster_egg:0, Stone Monster Egg
minecraft:monster_egg:1, Cobblestone Monster Egg
minecraft:monster_egg:2, Stone Brick Monster Egg
minecraft:monster_egg:3, Mossy Stone Brick Monster Egg
minecraft:monster_egg:4, Cracked Stone Brick Monster Egg
minecraft:monster_egg:5, Chiseled Stone Brick Monster Egg
minecraft:stonebrick:0, Stone Bricks
minecraft:stonebrick:1, Mossy Stone Bricks
minecraft:stonebrick:2, Cracked Stone Bricks
minecraft:stonebrick:3, Chiseled Stone Bricks
minecraft:brown_mushroom_block, Mushroom
minecraft:red_mushroom_block, Mushroom
minecraft:iron_bars, Iron Bars
minecraft:glass_pane, Glass Pane
minecraft:melon_block, Melon
minecraft:vine, Vines
minecraft:fence_gate, Fence Gate
minecraft:brick_stairs, Brick Stairs
minecraft:stone_brick_stairs, Stone Brick Stairs
minecraft:mycelium, Mycelium
minecraft:waterlily, Lily Pad
minecraft:nether_brick, Nether Brick
minecraft:nether_brick_fence, Nether Brick Fence
minecraft:nether_brick_stairs, Nether Brick Stairs
minecraft:enchanting_table, Enchantment Table
minecraft:end_portal, tile.null.name
minecraft:end_portal_frame, End Portal
minecraft:end_stone, End Stone
minecraft:dragon_egg, Dragon Egg
minecraft:redstone_lamp, Redstone Lamp
minecraft:wooden_slab:0, Oak Wood Slab
minecraft:wooden_slab:1, Spruce Wood Slab
minecraft:wooden_slab:2, Birch Wood Slab
minecraft:wooden_slab:3, Jungle Wood Slab
minecraft:wooden_slab:4, Acacia Wood Slab
minecraft:wooden_slab:5, Dark Oak Wood Slab
minecraft:cocoa, Cocoa
minecraft:sandstone_stairs, Sandstone Stairs
minecraft:emerald_ore, Emerald Ore
minecraft:ender_chest, Ender Chest
minecraft:tripwire_hook, Tripwire Hook
minecraft:emerald_block, Block of Emerald
minecraft:spruce_stairs, Spruce Wood Stairs
minecraft:birch_stairs, Birch Wood Stairs
minecraft:jungle_stairs, Jungle Wood Stairs
minecraft:command_block, Command Block
minecraft:beacon, Beacon
minecraft:cobblestone_wall:0, Cobblestone Wall
minecraft:cobblestone_wall:1, Mossy Cobblestone Wall
minecraft:carrots, Carrots
minecraft:potatoes, Potatoes
minecraft:wooden_button, Button
minecraft:anvil:0, Anvil
minecraft:anvil:1, Slightly Damaged Anvil
minecraft:anvil:2, Very Damaged Anvil
minecraft:trapped_chest, Trapped Chest
minecraft:light_weighted_pressure_plate, Weighted Pressure Plate (Light)
minecraft:heavy_weighted_pressure_plate, Weighted Pressure Plate (Heavy)
minecraft:daylight_detector, Daylight Sensor
minecraft:redstone_block, Block of Redstone
minecraft:quartz_ore, Nether Quartz Ore
minecraft:hopper, Hopper
minecraft:quartz_block:0, Block of Quartz
minecraft:quartz_block:1, Chiseled Quartz Block
minecraft:quartz_block:2, Pillar Quartz Block
minecraft:quartz_stairs, Quartz Stairs
minecraft:activator_rail, Activator Rail
minecraft:dropper, Dropper
minecraft:stained_hardened_clay:0, White Stained Clay
minecraft:stained_hardened_clay:1, Orange Stained Clay
minecraft:stained_hardened_clay:2, Magenta Stained Clay
minecraft:stained_hardened_clay:3, Light Blue Stained Clay
minecraft:stained_hardened_clay:4, Yellow Stained Clay
minecraft:stained_hardened_clay:5, Lime Stained Clay
minecraft:stained_hardened_clay:6, Pink Stained Clay
minecraft:stained_hardened_clay:7, Gray Stained Clay
minecraft:stained_hardened_clay:8, Light Gray Stained Clay
minecraft:stained_hardened_clay:9, Cyan Stained Clay
minecraft:stained_hardened_clay:10, Purple Stained Clay
minecraft:stained_hardened_clay:11, Blue Stained Clay
minecraft:stained_hardened_clay:12, Brown Stained Clay
minecraft:stained_hardened_clay:13, Green Stained Clay
minecraft:stained_hardened_clay:14, Red Stained Clay
minecraft:stained_hardened_clay:15, Black Stained Clay
minecraft:stained_glass_pane:0, White Stained Glass Pane
minecraft:stained_glass_pane:1, Orange Stained Glass Pane
minecraft:stained_glass_pane:2, Magenta Stained Glass Pane
minecraft:stained_glass_pane:3, Light Blue Stained Glass Pane
minecraft:stained_glass_pane:4, Yellow Stained Glass Pane
minecraft:stained_glass_pane:5, Lime Stained Glass Pane
minecraft:stained_glass_pane:6, Pink Stained Glass Pane
minecraft:stained_glass_pane:7, Gray Stained Glass Pane
minecraft:stained_glass_pane:8, Light Gray Stained Glass Pane
minecraft:stained_glass_pane:9, Cyan Stained Glass Pane
minecraft:stained_glass_pane:10, Purple Stained Glass Pane
minecraft:stained_glass_pane:11, Blue Stained Glass Pane
minecraft:stained_glass_pane:12, Brown Stained Glass Pane
minecraft:stained_glass_pane:13, Green Stained Glass Pane
minecraft:stained_glass_pane:14, Red Stained Glass Pane
minecraft:stained_glass_pane:15, Black Stained Glass Pane
minecraft:leaves2:0, Acacia Leaves
minecraft:leaves2:1, Dark Oak Leaves
minecraft:log2:0, Acacia Wood
minecraft:log2:1, Dark Oak Wood
minecraft:acacia_stairs, Acacia Wood Stairs
minecraft:dark_oak_stairs, Dark Oak Wood Stairs
appliedenergistics2:tile.OreQuartz, Certus Quartz Ore
appliedenergistics2:tile.OreQuartzCharged, Charged Certus Quartz Ore
appliedenergistics2:tile.BlockMatrixFrame, Matrix Frame
appliedenergistics2:tile.BlockQuartz, Certus Quartz Block
appliedenergistics2:tile.BlockQuartzPillar, Certus Quartz Pillar
minecraft:hay_block, Hay Bale
minecraft:carpet:0, Carpet
minecraft:carpet:1, Orange Carpet
minecraft:carpet:2, Magenta Carpet
minecraft:carpet:3, Light Blue Carpet
minecraft:carpet:4, Yellow Carpet
minecraft:carpet:5, Lime Carpet
minecraft:carpet:6, Pink Carpet
minecraft:carpet:7, Gray Carpet
minecraft:carpet:8, Light Gray Carpet
minecraft:carpet:9, Cyan Carpet
minecraft:carpet:10, Purple Carpet
minecraft:carpet:11, Blue Carpet
minecraft:carpet:12, Brown Carpet
minecraft:carpet:13, Green Carpet
minecraft:carpet:14, Red Carpet
minecraft:carpet:15, Black Carpet
minecraft:hardened_clay, Hardened Clay
minecraft:coal_block, Block of Coal
minecraft:packed_ice, Packed Ice
minecraft:double_plant:0, Sunflower
minecraft:double_plant:1, Lilac
minecraft:double_plant:2, Double Tallgrass
minecraft:double_plant:3, Large Fern
minecraft:double_plant:4, Rose Bush
minecraft:double_plant:5, Peony
appliedenergistics2:tile.BlockQuartzChiseled, Chiseled Certus Quartz Block
appliedenergistics2:tile.BlockQuartzGlass, Quartz Glass
appliedenergistics2:tile.BlockQuartzLamp, Vibrant Quartz Glass
appliedenergistics2:tile.BlockQuartzTorch, Charged Quartz Fixture
appliedenergistics2:tile.BlockFluix, Fluix Block
appliedenergistics2:tile.BlockSkyStone:0, Sky Stone
appliedenergistics2:tile.BlockSkyStone:1, Sky Stone Block
appliedenergistics2:tile.BlockSkyStone:2, Sky Stone Brick
appliedenergistics2:tile.BlockSkyStone:3, Sky Stone Small Brick
appliedenergistics2:tile.BlockSkyChest:0, Sky Stone Chest
appliedenergistics2:tile.BlockSkyChest:1, Sky Stone Block Chest
appliedenergistics2:tile.BlockSkyCompass, Meteorite Compass
appliedenergistics2:tile.BlockGrinder, Quartz Grindstone
appliedenergistics2:tile.BlockCrank, Wooden Crank
appliedenergistics2:tile.BlockInscriber, Inscriber
appliedenergistics2:tile.BlockWireless, ME Wireless Access Point
appliedenergistics2:tile.BlockCharger, Charger
appliedenergistics2:tile.BlockTinyTNT, Tiny TNT
appliedenergistics2:tile.BlockSecurity, ME Security Terminal
appliedenergistics2:tile.BlockQuantumRing, ME Quantum Ring
appliedenergistics2:tile.BlockQuantumLinkChamber, ME Quantum Link Chamber
appliedenergistics2:tile.BlockSpatialPylon, Spatial Pylon
appliedenergistics2:tile.BlockSpatialIOPort, Spatial IO Port
appliedenergistics2:tile.BlockCableBus, AE2 Cable and/or Bus
appliedenergistics2:tile.BlockController, ME Controller
appliedenergistics2:tile.BlockDrive, ME Drive
appliedenergistics2:tile.BlockChest, ME Chest
appliedenergistics2:tile.BlockInterface, ME Interface
appliedenergistics2:tile.BlockCellWorkbench, Cell Workbench
appliedenergistics2:tile.BlockIOPort, ME IO Port
appliedenergistics2:tile.BlockCondenser, Matter Condenser
appliedenergistics2:tile.BlockEnergyAcceptor, Energy Acceptor
appliedenergistics2:tile.BlockVibrationChamber, Vibration Chamber
appliedenergistics2:tile.BlockQuartzGrowthAccelerator, Crystal Growth Accelerator
appliedenergistics2:tile.BlockEnergyCell, Energy Cell
appliedenergistics2:tile.BlockDenseEnergyCell, Dense Energy Cell
appliedenergistics2:tile.BlockCreativeEnergyCell, Creative Energy Cell
appliedenergistics2:tile.BlockCraftingUnit:0, Crafting Unit
appliedenergistics2:tile.BlockCraftingUnit:1, Crafting Co-Processing Unit
appliedenergistics2:tile.BlockCraftingUnit:2, Quad Core Co-Processing Unit
appliedenergistics2:tile.BlockCraftingUnit:3, 16 Core Co-Processing Unit
appliedenergistics2:tile.BlockAdvancedCraftingUnit:0, 64 Core Co-Processing Unit
appliedenergistics2:tile.BlockAdvancedCraftingUnit:1, 256 Core Co-Processing Unit
appliedenergistics2:tile.BlockAdvancedCraftingUnit:2, 1024 Core Co-Processing Unit
appliedenergistics2:tile.BlockAdvancedCraftingUnit:3, 4096 Core Co-Processing Unit
appliedenergistics2:tile.BlockCraftingStorage:0, 1k Crafting Storage
appliedenergistics2:tile.BlockCraftingStorage:1, 4k Crafting Storage
appliedenergistics2:tile.BlockCraftingStorage:2, 16k Crafting Storage
appliedenergistics2:tile.BlockCraftingStorage:3, 64k Crafting Storage
appliedenergistics2:tile.BlockAdvancedCraftingStorage:0, 256k Crafting Storage
appliedenergistics2:tile.BlockAdvancedCraftingStorage:1, 1024k Crafting Storage
appliedenergistics2:tile.BlockAdvancedCraftingStorage:2, 4096k Crafting Storage
appliedenergistics2:tile.BlockAdvancedCraftingStorage:3, 16384k Crafting Storage
appliedenergistics2:tile.BlockCraftingMonitor:0, Crafting Monitor
appliedenergistics2:tile.BlockMolecularAssembler, Molecular Assembler
appliedenergistics2:tile.BlockLightDetector, Light Detecting Fixture
appliedenergistics2:tile.BlockPaint, tile.appliedenergistics2.BlockPaint.name
appliedenergistics2:tile.SkyStoneStairBlock, Sky Stone Stairs
appliedenergistics2:tile.SkyStoneBlockStairBlock, Sky Stone Block Stairs
appliedenergistics2:tile.SkyStoneBrickStairBlock, Sky Stone Brick Stairs
appliedenergistics2:tile.SkyStoneSmallBrickStairBlock, Sky Stone Small Brick Stairs
appliedenergistics2:tile.FluixStairBlock, Fluix Stairs
appliedenergistics2:tile.QuartzStairBlock, Certus Quartz Stairs
appliedenergistics2:tile.ChiseledQuartzStairBlock, Chiseled Certus Quartz Stairs
appliedenergistics2:tile.QuartzPillarStairBlock, Certus Quartz Pillar Stairs
appliedenergistics2:tile.SkyStoneSlabBlock:0, Sky Stone Slabs
appliedenergistics2:tile.SkyStoneSlabBlock.double:0, Sky Stone Slabs
appliedenergistics2:tile.SkyStoneBlockSlabBlock:0, Sky Stone Block Slabs
appliedenergistics2:tile.SkyStoneBlockSlabBlock.double:0, Sky Stone Block Slabs
appliedenergistics2:tile.SkyStoneBrickSlabBlock:0, Sky Stone Brick Slabs
appliedenergistics2:tile.SkyStoneBrickSlabBlock.double:0, Sky Stone Brick Slabs
appliedenergistics2:tile.SkyStoneSmallBrickSlabBlock:0, Sky Stone Small Brick Slabs
appliedenergistics2:tile.SkyStoneSmallBrickSlabBlock.double:0, Sky Stone Small Brick Slabs
appliedenergistics2:tile.FluixSlabBlock:0, Fluix Slabs
appliedenergistics2:tile.FluixSlabBlock.double:0, Fluix Slabs
appliedenergistics2:tile.QuartzSlabBlock:0, Certus Quartz Slabs
appliedenergistics2:tile.QuartzSlabBlock.double:0, Certus Quartz Slabs
appliedenergistics2:tile.ChiseledQuartzSlabBlock:0, Chiseled Certus Quartz Slabs
appliedenergistics2:tile.ChiseledQuartzSlabBlock.double:0, Chiseled Certus Quartz Slabs
appliedenergistics2:tile.QuartzPillarSlabBlock:0, Certus Quartz Pillar Slabs
appliedenergistics2:tile.QuartzPillarSlabBlock.double:0, Certus Quartz Pillar Slabs
minecraft:iron_shovel, Iron Shovel
minecraft:iron_pickaxe, Iron Pickaxe
minecraft:iron_axe, Iron Axe
minecraft:flint_and_steel, Flint and Steel
minecraft:apple, Apple
minecraft:bow, Bow
minecraft:arrow, Arrow
minecraft:coal:0, Coal
minecraft:coal:1, Charcoal
minecraft:diamond, Diamond
minecraft:iron_ingot, Iron Ingot
minecraft:gold_ingot, Gold Ingot
minecraft:iron_sword, Iron Sword
minecraft:wooden_sword, Wooden Sword
minecraft:wooden_shovel, Wooden Shovel
minecraft:wooden_pickaxe, Wooden Pickaxe
minecraft:wooden_axe, Wooden Axe
minecraft:stone_sword, Stone Sword
minecraft:stone_shovel, Stone Shovel
minecraft:stone_pickaxe, Stone Pickaxe
minecraft:stone_axe, Stone Axe
minecraft:diamond_sword, Diamond Sword
minecraft:diamond_shovel, Diamond Shovel
minecraft:diamond_pickaxe, Diamond Pickaxe
minecraft:diamond_axe, Diamond Axe
minecraft:stick, Stick
minecraft:bowl, Bowl
minecraft:mushroom_stew, Mushroom Stew
minecraft:golden_sword, Golden Sword
minecraft:golden_shovel, Golden Shovel
minecraft:golden_pickaxe, Golden Pickaxe
minecraft:golden_axe, Golden Axe
minecraft:string, String
minecraft:feather, Feather
minecraft:gunpowder, Gunpowder
minecraft:wooden_hoe, Wooden Hoe
minecraft:stone_hoe, Stone Hoe
minecraft:iron_hoe, Iron Hoe
minecraft:diamond_hoe, Diamond Hoe
minecraft:golden_hoe, Golden Hoe
minecraft:wheat_seeds, Seeds
minecraft:wheat, Wheat
minecraft:bread, Bread
minecraft:leather_helmet, Leather Cap
minecraft:leather_chestplate, Leather Tunic
minecraft:leather_leggings, Leather Pants
minecraft:leather_boots, Leather Boots
minecraft:chainmail_helmet, Chain Helmet
minecraft:chainmail_chestplate, Chain Chestplate
minecraft:chainmail_leggings, Chain Leggings
minecraft:chainmail_boots, Chain Boots
minecraft:iron_helmet, Iron Helmet
minecraft:iron_chestplate, Iron Chestplate
minecraft:iron_leggings, Iron Leggings
minecraft:iron_boots, Iron Boots
minecraft:diamond_helmet, Diamond Helmet
minecraft:diamond_chestplate, Diamond Chestplate
minecraft:diamond_leggings, Diamond Leggings
minecraft:diamond_boots, Diamond Boots
minecraft:golden_helmet, Golden Helmet
minecraft:golden_chestplate, Golden Chestplate
minecraft:golden_leggings, Golden Leggings
minecraft:golden_boots, Golden Boots
minecraft:flint, Flint
minecraft:porkchop, Raw Porkchop
minecraft:cooked_porkchop, Cooked Porkchop
minecraft:painting, Painting
minecraft:golden_apple:0, Golden Apple
minecraft:golden_apple:1, Golden Apple
minecraft:sign, Sign
minecraft:wooden_door, Wooden Door
minecraft:bucket, Bucket
minecraft:water_bucket, Water Bucket
minecraft:lava_bucket, Lava Bucket
minecraft:minecart, Minecart
minecraft:saddle, Saddle
minecraft:iron_door, Iron Door
minecraft:redstone, Redstone
minecraft:snowball, Snowball
minecraft:boat, Boat
minecraft:leather, Leather
minecraft:milk_bucket, Milk
minecraft:brick, Brick
minecraft:clay_ball, Clay
minecraft:reeds, Sugar Canes
minecraft:paper, Paper
minecraft:book, Book
minecraft:slime_ball, Slimeball
minecraft:chest_minecart, Minecart with Chest
minecraft:furnace_minecart, Minecart with Furnace
minecraft:egg, Egg
minecraft:compass, Compass
minecraft:fishing_rod, Fishing Rod
minecraft:clock, Clock
minecraft:glowstone_dust, Glowstone Dust
minecraft:fish:0, Raw Fish
minecraft:fish:1, Raw Salmon
minecraft:fish:2, Clownfish
minecraft:fish:3, Pufferfish
minecraft:cooked_fished:0, Cooked Fish
minecraft:cooked_fished:1, Cooked Salmon
minecraft:dye:0, Ink Sac
minecraft:dye:1, Rose Red
minecraft:dye:2, Cactus Green
minecraft:dye:3, Cocoa Beans
minecraft:dye:4, Lapis Lazuli
minecraft:dye:5, Purple Dye
minecraft:dye:6, Cyan Dye
minecraft:dye:7, Light Gray Dye
minecraft:dye:8, Gray Dye
minecraft:dye:9, Pink Dye
minecraft:dye:10, Lime Dye
minecraft:dye:11, Dandelion Yellow
minecraft:dye:12, Light Blue Dye
minecraft:dye:13, Magenta Dye
minecraft:dye:14, Orange Dye
minecraft:dye:15, Bone Meal
minecraft:bone, Bone
minecraft:sugar, Sugar
minecraft:cake, Cake
minecraft:bed, Bed
minecraft:repeater, Redstone Repeater
minecraft:cookie, Cookie
minecraft:filled_map:0, Map
minecraft:shears, Shears
minecraft:melon, Melon
minecraft:pumpkin_seeds, Pumpkin Seeds
minecraft:melon_seeds, Melon Seeds
minecraft:beef, Raw Beef
minecraft:cooked_beef, Steak
minecraft:chicken, Raw Chicken
minecraft:cooked_chicken, Cooked Chicken
minecraft:rotten_flesh, Rotten Flesh
minecraft:ender_pearl, Ender Pearl
minecraft:blaze_rod, Blaze Rod
minecraft:ghast_tear, Ghast Tear
minecraft:gold_nugget, Gold Nugget
minecraft:nether_wart, Nether Wart
minecraft:potion:0, Water Bottle
minecraft:potion:8193, Potion of Regeneration
minecraft:potion:8225, Potion of Regeneration
minecraft:potion:8257, Potion of Regeneration
minecraft:potion:16385, Splash Potion of Regeneration
minecraft:potion:16417, Splash Potion of Regeneration
minecraft:potion:16449, Splash Potion of Regeneration
minecraft:potion:8194, Potion of Swiftness
minecraft:potion:8226, Potion of Swiftness
minecraft:potion:8258, Potion of Swiftness
minecraft:potion:16386, Splash Potion of Swiftness
minecraft:potion:16418, Splash Potion of Swiftness
minecraft:potion:16450, Splash Potion of Swiftness
minecraft:potion:8227, Potion of Fire Resistance
minecraft:potion:8259, Potion of Fire Resistance
minecraft:potion:16419, Splash Potion of Fire Resistance
minecraft:potion:16451, Splash Potion of Fire Resistance
minecraft:potion:8196, Potion of Poison
minecraft:potion:8228, Potion of Poison
minecraft:potion:8260, Potion of Poison
minecraft:potion:16388, Splash Potion of Poison
minecraft:potion:16420, Splash Potion of Poison
minecraft:potion:16452, Splash Potion of Poison
minecraft:potion:8261, Potion of Healing
minecraft:potion:8229, Potion of Healing
minecraft:potion:16453, Splash Potion of Healing
minecraft:potion:16421, Splash Potion of Healing
minecraft:potion:8230, Potion of Night Vision
minecraft:potion:8262, Potion of Night Vision
minecraft:potion:16422, Splash Potion of Night Vision
minecraft:potion:16454, Splash Potion of Night Vision
minecraft:potion:8232, Potion of Weakness
minecraft:potion:8264, Potion of Weakness
minecraft:potion:16424, Splash Potion of Weakness
minecraft:potion:16456, Splash Potion of Weakness
minecraft:potion:8201, Potion of Strength
minecraft:potion:8233, Potion of Strength
minecraft:potion:8265, Potion of Strength
minecraft:potion:16393, Splash Potion of Strength
minecraft:potion:16425, Splash Potion of Strength
minecraft:potion:16457, Splash Potion of Strength
minecraft:potion:8234, Potion of Slowness
minecraft:potion:8266, Potion of Slowness
minecraft:potion:16426, Splash Potion of Slowness
minecraft:potion:16458, Splash Potion of Slowness
minecraft:potion:8268, Potion of Harming
minecraft:potion:8236, Potion of Harming
minecraft:potion:16460, Splash Potion of Harming
minecraft:potion:16428, Splash Potion of Harming
minecraft:potion:8237, Potion of Water Breathing
minecraft:potion:8269, Potion of Water Breathing
minecraft:potion:16429, Splash Potion of Water Breathing
minecraft:potion:16461, Splash Potion of Water Breathing
minecraft:potion:8238, Potion of Invisibility
minecraft:potion:8270, Potion of Invisibility
minecraft:potion:16430, Splash Potion of Invisibility
minecraft:potion:16462, Splash Potion of Invisibility
minecraft:glass_bottle, Glass Bottle
minecraft:spider_eye, Spider Eye
minecraft:fermented_spider_eye, Fermented Spider Eye
minecraft:blaze_powder, Blaze Powder
minecraft:magma_cream, Magma Cream
minecraft:brewing_stand, Brewing Stand
minecraft:cauldron, Cauldron
minecraft:ender_eye, Eye of Ender
minecraft:speckled_melon, Glistering Melon
minecraft:spawn_egg:50, Spawn Creeper
minecraft:spawn_egg:51, Spawn Skeleton
minecraft:spawn_egg:52, Spawn Spider
minecraft:spawn_egg:54, Spawn Zombie
minecraft:spawn_egg:55, Spawn Slime
minecraft:spawn_egg:56, Spawn Ghast
minecraft:spawn_egg:57, Spawn Zombie Pigman
minecraft:spawn_egg:58, Spawn Enderman
minecraft:spawn_egg:59, Spawn Cave Spider
minecraft:spawn_egg:60, Spawn Silverfish
minecraft:spawn_egg:61, Spawn Blaze
minecraft:spawn_egg:62, Spawn Magma Cube
minecraft:spawn_egg:65, Spawn Bat
minecraft:spawn_egg:66, Spawn Witch
minecraft:spawn_egg:90, Spawn Pig
minecraft:spawn_egg:91, Spawn Sheep
minecraft:spawn_egg:92, Spawn Cow
minecraft:spawn_egg:93, Spawn Chicken
minecraft:spawn_egg:94, Spawn Squid
minecraft:spawn_egg:95, Spawn Wolf
minecraft:spawn_egg:96, Spawn Mooshroom
minecraft:spawn_egg:98, Spawn Ocelot
minecraft:spawn_egg:100, Spawn Horse
minecraft:spawn_egg:120, Spawn Villager
minecraft:experience_bottle, Bottle o' Enchanting
minecraft:fire_charge, Fire Charge
minecraft:writable_book, Book and Quill
minecraft:written_book, Written Book
minecraft:emerald, Emerald
minecraft:item_frame, Item Frame
minecraft:flower_pot, Flower Pot
minecraft:carrot, Carrot
minecraft:potato, Potato
minecraft:baked_potato, Baked Potato
minecraft:poisonous_potato, Poisonous Potato
minecraft:map, Empty Map
minecraft:golden_carrot, Golden Carrot
minecraft:skull:0, Skeleton Skull
minecraft:skull:1, Wither Skeleton Skull
minecraft:skull:2, Zombie Head
minecraft:skull:3, Head
minecraft:skull:4, Creeper Head
minecraft:carrot_on_a_stick, Carrot on a Stick
minecraft:nether_star, Nether Star
minecraft:pumpkin_pie, Pumpkin Pie
minecraft:fireworks, Firework Rocket
minecraft:firework_charge, Firework Star
minecraft:enchanted_book, Enchanted Book
minecraft:comparator, Redstone Comparator
minecraft:netherbrick, Nether Brick
minecraft:quartz, Nether Quartz
minecraft:tnt_minecart, Minecart with TNT
minecraft:hopper_minecart, Minecart with Hopper
minecraft:iron_horse_armor, Iron Horse Armor
minecraft:golden_horse_armor, Gold Horse Armor
minecraft:diamond_horse_armor, Diamond Horse Armor
minecraft:lead, Lead
minecraft:name_tag, Name Tag
minecraft:command_block_minecart, Minecart with Command Block
minecraft:record_13, Music Disc
minecraft:record_cat, Music Disc
minecraft:record_blocks, Music Disc
minecraft:record_chirp, Music Disc
minecraft:record_far, Music Disc
minecraft:record_mall, Music Disc
minecraft:record_mellohi, Music Disc
minecraft:record_stal, Music Disc
minecraft:record_strad, Music Disc
minecraft:record_ward, Music Disc
minecraft:record_11, Music Disc
minecraft:record_wait, Music Disc
appliedenergistics2:item.ToolCertusQuartzAxe, Certus Quartz Axe
appliedenergistics2:item.ToolCertusQuartzHoe, Certus Quartz Hoe
appliedenergistics2:item.ToolCertusQuartzSpade, Certus Quartz Shovel
appliedenergistics2:item.ToolCertusQuartzPickaxe, Certus Quartz Pickaxe
appliedenergistics2:item.ToolCertusQuartzSword, Certus Quartz Sword
appliedenergistics2:item.ToolCertusQuartzWrench, Certus Quartz Wrench
appliedenergistics2:item.ToolCertusQuartzCuttingKnife, Certus Quartz Cutting Knife
appliedenergistics2:item.ToolNetherQuartzAxe, Nether Quartz Axe
appliedenergistics2:item.ToolNetherQuartzHoe, Nether Quartz Hoe
appliedenergistics2:item.ToolNetherQuartzSpade, Nether Quartz Shovel
appliedenergistics2:item.ToolNetherQuartzPickaxe, Nether Quartz Pickaxe
appliedenergistics2:item.ToolNetherQuartzSword, Nether Quartz Sword
appliedenergistics2:item.ToolNetherQuartzWrench, Nether Quartz Wrench
appliedenergistics2:item.ToolNetherQuartzCuttingKnife, Nether Quartz Cutting Knife
appliedenergistics2:item.ToolEntropyManipulator, Entropy Manipulator
appliedenergistics2:item.ToolWirelessTerminal, Wireless Terminal
appliedenergistics2:item.ToolBiometricCard, Biometric Card
appliedenergistics2:item.ToolChargedStaff, Charged Staff
appliedenergistics2:item.ToolMassCannon, Matter Cannon
appliedenergistics2:item.ToolMemoryCard, Memory Card
appliedenergistics2:item.ToolNetworkTool, Network Tool
appliedenergistics2:item.ToolPortableCell, Portable Cell
appliedenergistics2:item.ItemCreativeStorageCell, Creative ME Storage Cell
appliedenergistics2:item.ItemVoidStorageCell, Void ME Storage Cell
appliedenergistics2:item.ItemViewCell, View Cell
appliedenergistics2:item.ItemBasicStorageCell.1k, 1k ME Storage Cell
appliedenergistics2:item.ItemBasicStorageCell.4k, 4k ME Storage Cell
appliedenergistics2:item.ItemBasicStorageCell.16k, 16k ME Storage Cell
appliedenergistics2:item.ItemBasicStorageCell.64k, 64k ME Storage Cell
appliedenergistics2:item.ItemAdvancedStorageCell.256k, 256k ME Storage Cell
appliedenergistics2:item.ItemAdvancedStorageCell.1024k, 1024k ME Storage Cell
appliedenergistics2:item.ItemAdvancedStorageCell.4096k, 4096k ME Storage Cell
appliedenergistics2:item.ItemAdvancedStorageCell.16384k, 16384k ME Storage Cell
appliedenergistics2:item.ItemExtremeStorageCell.Container, ME Block Container Cell
appliedenergistics2:item.ItemExtremeStorageCell.Quantum, ME Quantum Storage Cell
appliedenergistics2:item.ItemExtremeStorageCell.Singularity, ME Digital Singularity Cell
appliedenergistics2:item.ItemSpatialStorageCell.2Cubed, 2³ Spatial Storage Cell
appliedenergistics2:item.ItemSpatialStorageCell.16Cubed, 16³ Spatial Storage Cell
appliedenergistics2:item.ItemSpatialStorageCell.128Cubed, 128³ Spatial Storage Cell
appliedenergistics2:item.ItemFacade:0, Cable Facade - Stone
appliedenergistics2:item.ItemFacade:0, Cable Facade - Dirt
appliedenergistics2:item.ItemFacade:0, Cable Facade - Podzol
appliedenergistics2:item.ItemFacade:0, Cable Facade - Cobblestone
appliedenergistics2:item.ItemFacade:0, Cable Facade - Oak Wood Planks
appliedenergistics2:item.ItemFacade:0, Cable Facade - Spruce Wood Planks
appliedenergistics2:item.ItemFacade:0, Cable Facade - Birch Wood Planks
appliedenergistics2:item.ItemFacade:0, Cable Facade - Jungle Wood Planks
appliedenergistics2:item.ItemFacade:0, Cable Facade - Acacia Wood Planks
appliedenergistics2:item.ItemFacade:0, Cable Facade - Dark Oak Wood Planks
appliedenergistics2:item.ItemFacade:0, Cable Facade - Bedrock
appliedenergistics2:item.ItemFacade:0, Cable Facade - Sand
appliedenergistics2:item.ItemFacade:0, Cable Facade - Red Sand
appliedenergistics2:item.ItemFacade:0, Cable Facade - Gravel
appliedenergistics2:item.ItemFacade:0, Cable Facade - Gold Ore
appliedenergistics2:item.ItemFacade:0, Cable Facade - Iron Ore
appliedenergistics2:item.ItemFacade:0, Cable Facade - Coal Ore
appliedenergistics2:item.ItemFacade:0, Cable Facade - Oak Wood
appliedenergistics2:item.ItemFacade:0, Cable Facade - Spruce Wood
appliedenergistics2:item.ItemFacade:0, Cable Facade - Birch Wood
appliedenergistics2:item.ItemFacade:0, Cable Facade - Jungle Wood
appliedenergistics2:item.ItemFacade:0, Cable Facade - Sponge
appliedenergistics2:item.ItemFacade:0, Cable Facade - Glass
appliedenergistics2:item.ItemFacade:0, Cable Facade - Lapis Lazuli Ore
appliedenergistics2:item.ItemFacade:0, Cable Facade - Lapis Lazuli Block
appliedenergistics2:item.ItemFacade:0, Cable Facade - Sandstone
appliedenergistics2:item.ItemFacade:0, Cable Facade - Chiseled Sandstone
appliedenergistics2:item.ItemFacade:0, Cable Facade - Smooth Sandstone
appliedenergistics2:item.ItemFacade:0, Cable Facade - Wool
appliedenergistics2:item.ItemFacade:0, Cable Facade - Orange Wool
appliedenergistics2:item.ItemFacade:0, Cable Facade - Magenta Wool
appliedenergistics2:item.ItemFacade:0, Cable Facade - Light Blue Wool
appliedenergistics2:item.ItemFacade:0, Cable Facade - Yellow Wool
appliedenergistics2:item.ItemFacade:0, Cable Facade - Lime Wool
appliedenergistics2:item.ItemFacade:0, Cable Facade - Pink Wool
appliedenergistics2:item.ItemFacade:0, Cable Facade - Gray Wool
appliedenergistics2:item.ItemFacade:0, Cable Facade - Light Gray Wool
appliedenergistics2:item.ItemFacade:0, Cable Facade - Cyan Wool
appliedenergistics2:item.ItemFacade:0, Cable Facade - Purple Wool
appliedenergistics2:item.ItemFacade:0, Cable Facade - Blue Wool
appliedenergistics2:item.ItemFacade:0, Cable Facade - Brown Wool
appliedenergistics2:item.ItemFacade:0, Cable Facade - Green Wool
appliedenergistics2:item.ItemFacade:0, Cable Facade - Red Wool
appliedenergistics2:item.ItemFacade:0, Cable Facade - Black Wool
appliedenergistics2:item.ItemFacade:0, Cable Facade - Block of Gold
appliedenergistics2:item.ItemFacade:0, Cable Facade - Block of Iron
appliedenergistics2:item.ItemFacade:0, Cable Facade - Bricks
appliedenergistics2:item.ItemFacade:0, Cable Facade - TNT
appliedenergistics2:item.ItemFacade:0, Cable Facade - Bookshelf
appliedenergistics2:item.ItemFacade:0, Cable Facade - Moss Stone
appliedenergistics2:item.ItemFacade:0, Cable Facade - Obsidian
appliedenergistics2:item.ItemFacade:0, Cable Facade - Diamond Ore
appliedenergistics2:item.ItemFacade:0, Cable Facade - Block of Diamond
appliedenergistics2:item.ItemFacade:0, Cable Facade - Crafting Table
appliedenergistics2:item.ItemFacade:0, Cable Facade - Redstone Ore
appliedenergistics2:item.ItemFacade:0, Cable Facade - Clay
appliedenergistics2:item.ItemFacade:0, Cable Facade - Netherrack
appliedenergistics2:item.ItemFacade:0, Cable Facade - Soul Sand
appliedenergistics2:item.ItemFacade:0, Cable Facade - Glowstone
appliedenergistics2:item.ItemFacade:0, Cable Facade - White Stained Glass
appliedenergistics2:item.ItemFacade:0, Cable Facade - Orange Stained Glass
appliedenergistics2:item.ItemFacade:0, Cable Facade - Magenta Stained Glass
appliedenergistics2:item.ItemFacade:0, Cable Facade - Light Blue Stained Glass
appliedenergistics2:item.ItemFacade:0, Cable Facade - Yellow Stained Glass
appliedenergistics2:item.ItemFacade:0, Cable Facade - Lime Stained Glass
appliedenergistics2:item.ItemFacade:0, Cable Facade - Pink Stained Glass
appliedenergistics2:item.ItemFacade:0, Cable Facade - Gray Stained Glass
appliedenergistics2:item.ItemFacade:0, Cable Facade - Light Gray Stained Glass
appliedenergistics2:item.ItemFacade:0, Cable Facade - Cyan Stained Glass
appliedenergistics2:item.ItemFacade:0, Cable Facade - Purple Stained Glass
appliedenergistics2:item.ItemFacade:0, Cable Facade - Blue Stained Glass
appliedenergistics2:item.ItemFacade:0, Cable Facade - Brown Stained Glass
appliedenergistics2:item.ItemFacade:0, Cable Facade - Green Stained Glass
appliedenergistics2:item.ItemFacade:0, Cable Facade - Red Stained Glass
appliedenergistics2:item.ItemFacade:0, Cable Facade - Black Stained Glass
appliedenergistics2:item.ItemFacade:0, Cable Facade - Stone Monster Egg
appliedenergistics2:item.ItemFacade:0, Cable Facade - Cobblestone Monster Egg
appliedenergistics2:item.ItemFacade:0, Cable Facade - Stone Brick Monster Egg
appliedenergistics2:item.ItemFacade:0, Cable Facade - Mossy Stone Brick Monster Egg
appliedenergistics2:item.ItemFacade:0, Cable Facade - Cracked Stone Brick Monster Egg
appliedenergistics2:item.ItemFacade:0, Cable Facade - Chiseled Stone Brick Monster Egg
appliedenergistics2:item.ItemFacade:0, Cable Facade - Stone Bricks
appliedenergistics2:item.ItemFacade:0, Cable Facade - Mossy Stone Bricks
appliedenergistics2:item.ItemFacade:0, Cable Facade - Cracked Stone Bricks
appliedenergistics2:item.ItemFacade:0, Cable Facade - Chiseled Stone Bricks
appliedenergistics2:item.ItemFacade:0, Cable Facade - Mushroom
appliedenergistics2:item.ItemFacade:0, Cable Facade - Mushroom
appliedenergistics2:item.ItemFacade:0, Cable Facade - Melon
appliedenergistics2:item.ItemFacade:0, Cable Facade - Nether Brick
appliedenergistics2:item.ItemFacade:0, Cable Facade - End Stone
appliedenergistics2:item.ItemFacade:0, Cable Facade - Redstone Lamp
appliedenergistics2:item.ItemFacade:0, Cable Facade - Emerald Ore
appliedenergistics2:item.ItemFacade:0, Cable Facade - Block of Emerald
appliedenergistics2:item.ItemFacade:0, Cable Facade - Block of Redstone
appliedenergistics2:item.ItemFacade:0, Cable Facade - Nether Quartz Ore
appliedenergistics2:item.ItemFacade:0, Cable Facade - Block of Quartz
appliedenergistics2:item.ItemFacade:0, Cable Facade - Chiseled Quartz Block
appliedenergistics2:item.ItemFacade:0, Cable Facade - Pillar Quartz Block
appliedenergistics2:item.ItemFacade:0, Cable Facade - White Stained Clay
appliedenergistics2:item.ItemFacade:0, Cable Facade - Orange Stained Clay
appliedenergistics2:item.ItemFacade:0, Cable Facade - Magenta Stained Clay
appliedenergistics2:item.ItemFacade:0, Cable Facade - Light Blue Stained Clay
appliedenergistics2:item.ItemFacade:0, Cable Facade - Yellow Stained Clay
appliedenergistics2:item.ItemFacade:0, Cable Facade - Lime Stained Clay
appliedenergistics2:item.ItemFacade:0, Cable Facade - Pink Stained Clay
appliedenergistics2:item.ItemFacade:0, Cable Facade - Gray Stained Clay
appliedenergistics2:item.ItemFacade:0, Cable Facade - Light Gray Stained Clay
appliedenergistics2:item.ItemFacade:0, Cable Facade - Cyan Stained Clay
appliedenergistics2:item.ItemFacade:0, Cable Facade - Purple Stained Clay
appliedenergistics2:item.ItemFacade:0, Cable Facade - Blue Stained Clay
appliedenergistics2:item.ItemFacade:0, Cable Facade - Brown Stained Clay
appliedenergistics2:item.ItemFacade:0, Cable Facade - Green Stained Clay
appliedenergistics2:item.ItemFacade:0, Cable Facade - Red Stained Clay
appliedenergistics2:item.ItemFacade:0, Cable Facade - Black Stained Clay
appliedenergistics2:item.ItemFacade:0, Cable Facade - Acacia Wood
appliedenergistics2:item.ItemFacade:0, Cable Facade - Dark Oak Wood
appliedenergistics2:item.ItemFacade:0, Cable Facade - Certus Quartz Block
appliedenergistics2:item.ItemFacade:0, Cable Facade - Certus Quartz Pillar
appliedenergistics2:item.ItemFacade:0, Cable Facade - Hay Bale
appliedenergistics2:item.ItemFacade:0, Cable Facade - Hardened Clay
appliedenergistics2:item.ItemFacade:0, Cable Facade - Block of Coal
appliedenergistics2:item.ItemFacade:0, Cable Facade - Packed Ice
appliedenergistics2:item.ItemFacade:0, Cable Facade - Chiseled Certus Quartz Block
appliedenergistics2:item.ItemFacade:0, Cable Facade - Fluix Block
appliedenergistics2:item.ItemFacade:0, Cable Facade - Sky Stone
appliedenergistics2:item.ItemFacade:0, Cable Facade - Sky Stone Block
appliedenergistics2:item.ItemFacade:0, Cable Facade - Sky Stone Brick
appliedenergistics2:item.ItemFacade:0, Cable Facade - Sky Stone Small Brick
appliedenergistics2:item.ItemFacade:0, Cable Facade - Sky Stone Slabs
appliedenergistics2:item.ItemFacade:0, Cable Facade - Sky Stone Block Slabs
appliedenergistics2:item.ItemFacade:0, Cable Facade - Sky Stone Brick Slabs
appliedenergistics2:item.ItemFacade:0, Cable Facade - Sky Stone Small Brick Slabs
appliedenergistics2:item.ItemFacade:0, Cable Facade - Fluix Slabs
appliedenergistics2:item.ItemFacade:0, Cable Facade - Certus Quartz Slabs
appliedenergistics2:item.ItemFacade:0, Cable Facade - Chiseled Certus Quartz Slabs
appliedenergistics2:item.ItemFacade:0, Cable Facade - Certus Quartz Pillar Slabs
appliedenergistics2:item.ItemCrystalSeed:0, Certus Quartz Seed
appliedenergistics2:item.ItemCrystalSeed:600, Nether Quartz Seed
appliedenergistics2:item.ItemCrystalSeed:1200, Fluix Seed
appliedenergistics2:item.ItemCrystalSeed:0, Certus Quartz Seed
appliedenergistics2:item.ItemCrystalSeed:600, Nether Quartz Seed
appliedenergistics2:item.ItemCrystalSeed:1200, Fluix Seed
appliedenergistics2:item.ItemCrystalSeed:0, Certus Quartz Seed
appliedenergistics2:item.ItemCrystalSeed:600, Nether Quartz Seed
appliedenergistics2:item.ItemCrystalSeed:1200, Fluix Seed
appliedenergistics2:item.ItemEncodedPattern, Encoded Pattern
appliedenergistics2:item.ToolColorApplicator, Color Applicator
appliedenergistics2:item.ItemPaintBall:0, Paint Ball - White
appliedenergistics2:item.ItemPaintBall:1, Paint Ball - Orange
appliedenergistics2:item.ItemPaintBall:2, Paint Ball - Magenta
appliedenergistics2:item.ItemPaintBall:3, Paint Ball - Light Blue
appliedenergistics2:item.ItemPaintBall:4, Paint Ball - Yellow
appliedenergistics2:item.ItemPaintBall:5, Paint Ball - Lime
appliedenergistics2:item.ItemPaintBall:6, Paint Ball - Pink
appliedenergistics2:item.ItemPaintBall:7, Paint Ball - Gray
appliedenergistics2:item.ItemPaintBall:8, Paint Ball - Light Gray
appliedenergistics2:item.ItemPaintBall:9, Paint Ball - Cyan
appliedenergistics2:item.ItemPaintBall:10, Paint Ball - Purple
appliedenergistics2:item.ItemPaintBall:11, Paint Ball - Blue
appliedenergistics2:item.ItemPaintBall:12, Paint Ball - Brown
appliedenergistics2:item.ItemPaintBall:13, Paint Ball - Green
appliedenergistics2:item.ItemPaintBall:14, Paint Ball - Red
appliedenergistics2:item.ItemPaintBall:15, Paint Ball - Black
appliedenergistics2:item.ItemPaintBall:20, Paint Ball - Lumen White
appliedenergistics2:item.ItemPaintBall:21, Paint Ball - Lumen Orange
appliedenergistics2:item.ItemPaintBall:22, Paint Ball - Lumen Magenta
appliedenergistics2:item.ItemPaintBall:23, Paint Ball - Lumen Light Blue
appliedenergistics2:item.ItemPaintBall:24, Paint Ball - Lumen Yellow
appliedenergistics2:item.ItemPaintBall:25, Paint Ball - Lumen Lime
appliedenergistics2:item.ItemPaintBall:26, Paint Ball - Lumen Pink
appliedenergistics2:item.ItemPaintBall:27, Paint Ball - Lumen Gray
appliedenergistics2:item.ItemPaintBall:28, Paint Ball - Lumen Light Gray
appliedenergistics2:item.ItemPaintBall:29, Paint Ball - Lumen Cyan
appliedenergistics2:item.ItemPaintBall:30, Paint Ball - Lumen Purple
appliedenergistics2:item.ItemPaintBall:31, Paint Ball - Lumen Blue
appliedenergistics2:item.ItemPaintBall:32, Paint Ball - Lumen Brown
appliedenergistics2:item.ItemPaintBall:33, Paint Ball - Lumen Green
appliedenergistics2:item.ItemPaintBall:34, Paint Ball - Lumen Red
appliedenergistics2:item.ItemPaintBall:35, Paint Ball - Lumen Black
appliedenergistics2:item.ItemMultiMaterial:28, Advanced Card
appliedenergistics2:item.ItemMultiMaterial:44, Annihilation Core
appliedenergistics2:item.ItemMultiMaterial:25, Basic Card
appliedenergistics2:item.ItemMultiMaterial:52, Blank Pattern
appliedenergistics2:item.ItemMultiMaterial:23, Calculation Processor
appliedenergistics2:item.ItemMultiMaterial:13, Inscriber Calculation Press
appliedenergistics2:item.ItemMultiMaterial:16, Printed Calculation Circuit
appliedenergistics2:item.ItemMultiMaterial:63, Advanced Blocking Card
appliedenergistics2:item.ItemMultiMaterial:27, Capacity Card
appliedenergistics2:item.ItemMultiMaterial:53, Crafting Card
appliedenergistics2:item.ItemMultiMaterial:29, Fuzzy Card
appliedenergistics2:item.ItemMultiMaterial:31, Inverter Card
appliedenergistics2:item.ItemMultiMaterial:55, Oredictionary Filter Card
appliedenergistics2:item.ItemMultiMaterial:54, Pattern Capacity Card
appliedenergistics2:item.ItemMultiMaterial:62, Pattern Refiller Card
appliedenergistics2:item.ItemMultiMaterial:26, Redstone Card
appliedenergistics2:item.ItemMultiMaterial:30, Acceleration Card
appliedenergistics2:item.ItemMultiMaterial:56, Hyper-Acceleration Card
appliedenergistics2:item.ItemMultiMaterial:58, 1024k ME Storage Component
appliedenergistics2:item.ItemMultiMaterial:34, 128³ Spatial Component
appliedenergistics2:item.ItemMultiMaterial:60, 16384k ME Storage Component
appliedenergistics2:item.ItemMultiMaterial:33, 16³ Spatial Component
appliedenergistics2:item.ItemMultiMaterial:37, 16k ME Storage Component
appliedenergistics2:item.ItemMultiMaterial:35, 1k ME Storage Component
appliedenergistics2:item.ItemMultiMaterial:57, 256k ME Storage Component
appliedenergistics2:item.ItemMultiMaterial:32, 2³ Spatial Component
appliedenergistics2:item.ItemMultiMaterial:59, 4096k ME Storage Component
appliedenergistics2:item.ItemMultiMaterial:36, 4k ME Storage Component
appliedenergistics2:item.ItemMultiMaterial:38, 64k ME Storage Component
appliedenergistics2:item.ItemMultiMaterial:0, Certus Quartz Crystal
appliedenergistics2:item.ItemMultiMaterial:1, Charged Certus Quartz Crystal
appliedenergistics2:item.ItemMultiMaterial:2, Certus Quartz Dust
appliedenergistics2:item.ItemMultiMaterial:61, ME Advanced Storage Housing
appliedenergistics2:item.ItemMultiMaterial:39, ME Storage Housing
appliedenergistics2:item.ItemMultiMaterial:46, Ender Dust
appliedenergistics2:item.ItemMultiMaterial:24, Engineering Processor
appliedenergistics2:item.ItemMultiMaterial:14, Inscriber Engineering Press
appliedenergistics2:item.ItemMultiMaterial:17, Printed Engineering Circuit
appliedenergistics2:item.ItemMultiMaterial:4, Flour
appliedenergistics2:item.ItemMultiMaterial:7, Fluix Crystal
appliedenergistics2:item.ItemMultiMaterial:8, Fluix Dust
appliedenergistics2:item.ItemMultiMaterial:9, Fluix Pearl
appliedenergistics2:item.ItemMultiMaterial:43, Formation Core
appliedenergistics2:item.ItemMultiMaterial:51, Gold Dust
appliedenergistics2:item.ItemMultiMaterial:49, Iron Dust
appliedenergistics2:item.ItemMultiMaterial:50, Iron Nugget
appliedenergistics2:item.ItemMultiMaterial:22, Logic Processor
appliedenergistics2:item.ItemMultiMaterial:15, Inscriber Logic Press
appliedenergistics2:item.ItemMultiMaterial:18, Printed Logic Circuit
appliedenergistics2:item.ItemMultiMaterial:6, Matter Ball
appliedenergistics2:item.ItemMultiMaterial:21, Inscriber Name Press
appliedenergistics2:item.ItemMultiMaterial:3, Nether Quartz Dust
appliedenergistics2:item.ItemMultiMaterial:10, Pure Certus Quartz Crystal
appliedenergistics2:item.ItemMultiMaterial:12, Pure Fluix Crystal
appliedenergistics2:item.ItemMultiMaterial:11, Pure Nether Quartz Crystal
appliedenergistics2:item.ItemMultiMaterial:48, Quantum Entangled Singularity
appliedenergistics2:item.ItemMultiMaterial:5, Silicon
appliedenergistics2:item.ItemMultiMaterial:19, Inscriber Silicon Press
appliedenergistics2:item.ItemMultiMaterial:20, Printed Silicon
appliedenergistics2:item.ItemMultiMaterial:47, Singularity
appliedenergistics2:item.ItemMultiMaterial:45, Sky Stone Dust
appliedenergistics2:item.ItemMultiMaterial:41, Wireless Receiver
appliedenergistics2:item.ItemMultiMaterial:42, Wireless Booster
appliedenergistics2:item.ItemMultiMaterial:40, Wooden Gear
appliedenergistics2:item.ItemMultiPart:300, ME Annihilation Plane
appliedenergistics2:item.ItemMultiPart:120, Cable Anchor
appliedenergistics2:item.ItemMultiPart:20, ME Covered Cable - White
appliedenergistics2:item.ItemMultiPart:21, ME Covered Cable - Orange
appliedenergistics2:item.ItemMultiPart:22, ME Covered Cable - Magenta
appliedenergistics2:item.ItemMultiPart:23, ME Covered Cable - Light Blue
appliedenergistics2:item.ItemMultiPart:24, ME Covered Cable - Yellow
appliedenergistics2:item.ItemMultiPart:25, ME Covered Cable - Lime
appliedenergistics2:item.ItemMultiPart:26, ME Covered Cable - Pink
appliedenergistics2:item.ItemMultiPart:27, ME Covered Cable - Gray
appliedenergistics2:item.ItemMultiPart:28, ME Covered Cable - Light Gray
appliedenergistics2:item.ItemMultiPart:29, ME Covered Cable - Cyan
appliedenergistics2:item.ItemMultiPart:30, ME Covered Cable - Purple
appliedenergistics2:item.ItemMultiPart:31, ME Covered Cable - Blue
appliedenergistics2:item.ItemMultiPart:32, ME Covered Cable - Brown
appliedenergistics2:item.ItemMultiPart:33, ME Covered Cable - Green
appliedenergistics2:item.ItemMultiPart:34, ME Covered Cable - Red
appliedenergistics2:item.ItemMultiPart:35, ME Covered Cable - Black
appliedenergistics2:item.ItemMultiPart:36, ME Covered Cable - Fluix
appliedenergistics2:item.ItemMultiPart:60, ME Dense Smart Cable - White
appliedenergistics2:item.ItemMultiPart:61, ME Dense Smart Cable - Orange
appliedenergistics2:item.ItemMultiPart:62, ME Dense Smart Cable - Magenta
appliedenergistics2:item.ItemMultiPart:63, ME Dense Smart Cable - Light Blue
appliedenergistics2:item.ItemMultiPart:64, ME Dense Smart Cable - Yellow
appliedenergistics2:item.ItemMultiPart:65, ME Dense Smart Cable - Lime
appliedenergistics2:item.ItemMultiPart:66, ME Dense Smart Cable - Pink
appliedenergistics2:item.ItemMultiPart:67, ME Dense Smart Cable - Gray
appliedenergistics2:item.ItemMultiPart:68, ME Dense Smart Cable - Light Gray
appliedenergistics2:item.ItemMultiPart:69, ME Dense Smart Cable - Cyan
appliedenergistics2:item.ItemMultiPart:70, ME Dense Smart Cable - Purple
appliedenergistics2:item.ItemMultiPart:71, ME Dense Smart Cable - Blue
appliedenergistics2:item.ItemMultiPart:72, ME Dense Smart Cable - Brown
appliedenergistics2:item.ItemMultiPart:73, ME Dense Smart Cable - Green
appliedenergistics2:item.ItemMultiPart:74, ME Dense Smart Cable - Red
appliedenergistics2:item.ItemMultiPart:75, ME Dense Smart Cable - Black
appliedenergistics2:item.ItemMultiPart:76, ME Dense Smart Cable - Fluix
appliedenergistics2:item.ItemMultiPart:520, ME Dense Covered Cable - White
appliedenergistics2:item.ItemMultiPart:521, ME Dense Covered Cable - Orange
appliedenergistics2:item.ItemMultiPart:522, ME Dense Covered Cable - Magenta
appliedenergistics2:item.ItemMultiPart:523, ME Dense Covered Cable - Light Blue
appliedenergistics2:item.ItemMultiPart:524, ME Dense Covered Cable - Yellow
appliedenergistics2:item.ItemMultiPart:525, ME Dense Covered Cable - Lime
appliedenergistics2:item.ItemMultiPart:526, ME Dense Covered Cable - Pink
appliedenergistics2:item.ItemMultiPart:527, ME Dense Covered Cable - Gray
appliedenergistics2:item.ItemMultiPart:528, ME Dense Covered Cable - Light Gray
appliedenergistics2:item.ItemMultiPart:529, ME Dense Covered Cable - Cyan
appliedenergistics2:item.ItemMultiPart:530, ME Dense Covered Cable - Purple
appliedenergistics2:item.ItemMultiPart:531, ME Dense Covered Cable - Blue
appliedenergistics2:item.ItemMultiPart:532, ME Dense Covered Cable - Brown
appliedenergistics2:item.ItemMultiPart:533, ME Dense Covered Cable - Green
appliedenergistics2:item.ItemMultiPart:534, ME Dense Covered Cable - Red
appliedenergistics2:item.ItemMultiPart:535, ME Dense Covered Cable - Black
appliedenergistics2:item.ItemMultiPart:536, ME Dense Covered Cable - Fluix
appliedenergistics2:item.ItemMultiPart:0, ME Glass Cable - White
appliedenergistics2:item.ItemMultiPart:1, ME Glass Cable - Orange
appliedenergistics2:item.ItemMultiPart:2, ME Glass Cable - Magenta
appliedenergistics2:item.ItemMultiPart:3, ME Glass Cable - Light Blue
appliedenergistics2:item.ItemMultiPart:4, ME Glass Cable - Yellow
appliedenergistics2:item.ItemMultiPart:5, ME Glass Cable - Lime
appliedenergistics2:item.ItemMultiPart:6, ME Glass Cable - Pink
appliedenergistics2:item.ItemMultiPart:7, ME Glass Cable - Gray
appliedenergistics2:item.ItemMultiPart:8, ME Glass Cable - Light Gray
appliedenergistics2:item.ItemMultiPart:9, ME Glass Cable - Cyan
appliedenergistics2:item.ItemMultiPart:10, ME Glass Cable - Purple
appliedenergistics2:item.ItemMultiPart:11, ME Glass Cable - Blue
appliedenergistics2:item.ItemMultiPart:12, ME Glass Cable - Brown
appliedenergistics2:item.ItemMultiPart:13, ME Glass Cable - Green
appliedenergistics2:item.ItemMultiPart:14, ME Glass Cable - Red
appliedenergistics2:item.ItemMultiPart:15, ME Glass Cable - Black
appliedenergistics2:item.ItemMultiPart:16, ME Glass Cable - Fluix
appliedenergistics2:item.ItemMultiPart:40, ME Smart Cable - White
appliedenergistics2:item.ItemMultiPart:41, ME Smart Cable - Orange
appliedenergistics2:item.ItemMultiPart:42, ME Smart Cable - Magenta
appliedenergistics2:item.ItemMultiPart:43, ME Smart Cable - Light Blue
appliedenergistics2:item.ItemMultiPart:44, ME Smart Cable - Yellow
appliedenergistics2:item.ItemMultiPart:45, ME Smart Cable - Lime
appliedenergistics2:item.ItemMultiPart:46, ME Smart Cable - Pink
appliedenergistics2:item.ItemMultiPart:47, ME Smart Cable - Gray
appliedenergistics2:item.ItemMultiPart:48, ME Smart Cable - Light Gray
appliedenergistics2:item.ItemMultiPart:49, ME Smart Cable - Cyan
appliedenergistics2:item.ItemMultiPart:50, ME Smart Cable - Purple
appliedenergistics2:item.ItemMultiPart:51, ME Smart Cable - Blue
appliedenergistics2:item.ItemMultiPart:52, ME Smart Cable - Brown
appliedenergistics2:item.ItemMultiPart:53, ME Smart Cable - Green
appliedenergistics2:item.ItemMultiPart:54, ME Smart Cable - Red
appliedenergistics2:item.ItemMultiPart:55, ME Smart Cable - Black
appliedenergistics2:item.ItemMultiPart:56, ME Smart Cable - Fluix
appliedenergistics2:item.ItemMultiPart:540, ME Backbone Covered Cable - White
appliedenergistics2:item.ItemMultiPart:541, ME Backbone Covered Cable - Orange
appliedenergistics2:item.ItemMultiPart:542, ME Backbone Covered Cable - Magenta
appliedenergistics2:item.ItemMultiPart:543, ME Backbone Covered Cable - Light Blue
appliedenergistics2:item.ItemMultiPart:544, ME Backbone Covered Cable - Yellow
appliedenergistics2:item.ItemMultiPart:545, ME Backbone Covered Cable - Lime
appliedenergistics2:item.ItemMultiPart:546, ME Backbone Covered Cable - Pink
appliedenergistics2:item.ItemMultiPart:547, ME Backbone Covered Cable - Gray
appliedenergistics2:item.ItemMultiPart:548, ME Backbone Covered Cable - Light Gray
appliedenergistics2:item.ItemMultiPart:549, ME Backbone Covered Cable - Cyan
appliedenergistics2:item.ItemMultiPart:550, ME Backbone Covered Cable - Purple
appliedenergistics2:item.ItemMultiPart:551, ME Backbone Covered Cable - Blue
appliedenergistics2:item.ItemMultiPart:552, ME Backbone Covered Cable - Brown
appliedenergistics2:item.ItemMultiPart:553, ME Backbone Covered Cable - Green
appliedenergistics2:item.ItemMultiPart:554, ME Backbone Covered Cable - Red
appliedenergistics2:item.ItemMultiPart:555, ME Backbone Covered Cable - Black
appliedenergistics2:item.ItemMultiPart:556, ME Backbone Covered Cable - Fluix
appliedenergistics2:item.ItemMultiPart:560, ME Backbone Smart Cable - White
appliedenergistics2:item.ItemMultiPart:561, ME Backbone Smart Cable - Orange
appliedenergistics2:item.ItemMultiPart:562, ME Backbone Smart Cable - Magenta
appliedenergistics2:item.ItemMultiPart:563, ME Backbone Smart Cable - Light Blue
appliedenergistics2:item.ItemMultiPart:564, ME Backbone Smart Cable - Yellow
appliedenergistics2:item.ItemMultiPart:565, ME Backbone Smart Cable - Lime
appliedenergistics2:item.ItemMultiPart:566, ME Backbone Smart Cable - Pink
appliedenergistics2:item.ItemMultiPart:567, ME Backbone Smart Cable - Gray
appliedenergistics2:item.ItemMultiPart:568, ME Backbone Smart Cable - Light Gray
appliedenergistics2:item.ItemMultiPart:569, ME Backbone Smart Cable - Cyan
appliedenergistics2:item.ItemMultiPart:570, ME Backbone Smart Cable - Purple
appliedenergistics2:item.ItemMultiPart:571, ME Backbone Smart Cable - Blue
appliedenergistics2:item.ItemMultiPart:572, ME Backbone Smart Cable - Brown
appliedenergistics2:item.ItemMultiPart:573, ME Backbone Smart Cable - Green
appliedenergistics2:item.ItemMultiPart:574, ME Backbone Smart Cable - Red
appliedenergistics2:item.ItemMultiPart:575, ME Backbone Smart Cable - Black
appliedenergistics2:item.ItemMultiPart:576, ME Backbone Smart Cable - Fluix
appliedenergistics2:item.ItemMultiPart:420, ME Conversion Monitor
appliedenergistics2:item.ItemMultiPart:360, ME Crafting Terminal
appliedenergistics2:item.ItemMultiPart:200, Dark Illuminated Panel
appliedenergistics2:item.ItemMultiPart:260, ME Export Bus
appliedenergistics2:item.ItemMultiPart:320, ME Formation Plane
appliedenergistics2:item.ItemMultiPart:301, ME Identity Annihilation Plane
appliedenergistics2:item.ItemMultiPart:240, ME Import Bus
appliedenergistics2:item.ItemMultiPart:440, ME Interface
appliedenergistics2:item.ItemMultiPart:480, ME Interface Terminal
appliedenergistics2:item.ItemMultiPart:100, ME Inverted Toggle Bus
appliedenergistics2:item.ItemMultiPart:280, ME Level Emitter
appliedenergistics2:item.ItemMultiPart:160, Bright Illuminated Panel
appliedenergistics2:item.ItemMultiPart:471, P2P Tunnel - ME Interface
appliedenergistics2:item.ItemMultiPart:462, P2P Tunnel - Item
appliedenergistics2:item.ItemMultiPart:467, P2P Tunnel - Light
appliedenergistics2:item.ItemMultiPart:463, P2P Tunnel - Fluid
appliedenergistics2:item.ItemMultiPart:460, P2P Tunnel - ME
appliedenergistics2:item.ItemMultiPart:461, P2P Tunnel - Redstone
appliedenergistics2:item.ItemMultiPart:340, ME Pattern Terminal
appliedenergistics2:item.ItemMultiPart:500, ME Processing Pattern Terminal
appliedenergistics2:item.ItemMultiPart:140, Quartz Fiber
appliedenergistics2:item.ItemMultiPart:180, Illuminated Panel
appliedenergistics2:item.ItemMultiPart:220, ME Storage Bus
appliedenergistics2:item.ItemMultiPart:400, ME Storage Monitor
appliedenergistics2:item.ItemMultiPart:380, ME Terminal
appliedenergistics2:item.ItemMultiPart:80, ME Toggle Bus